{
    "x": 15.920544624328614,
    "y": -0.010000228881835938,
    "z": -9.792511940002442,
    "playTimer": 0.0,
    "CurrentHealth": 0.0
}